Date,LastFFundBuy,LastFFundSell,LastOpen,LastHigh,LastLow,LastClose,LastDiffOpenClose,1thFFundDiff,2thFFundDiff,3thFFundDiff,4thFFundDiff,5thFFundDiff,6thFFundDiff,7thFFundDiff
20200609,54251585047.0,44597423870.0,11539.0,11631.89,11528.44,11610.32,59.6,15428860416.0,1728257798.0,17642474608.0,4483499962.0,7059493551.0,9654161177.0,6822457604.0
20200610,46768103700.0,39945646096.0,11600.61,11640.45,11537.38,11637.11,-9.71,1728257798.0,17642474608.0,4483499962.0,7059493551.0,9654161177.0,6822457604.0,10230425908.0
20200611,55091372862.0,44860946954.0,11635.99,11740.9,11621.02,11720.16,-1.12,17642474608.0,4483499962.0,7059493551.0,9654161177.0,6822457604.0,10230425908.0,227886180.0
20200612,56059950298.0,55832064118.0,11738.49,11771.12,11516.59,11535.77,18.33,4483499962.0,7059493551.0,9654161177.0,6822457604.0,10230425908.0,227886180.0,2950215202.0
20200615,51633607454.0,48683392252.0,11406.54,11442.3,11244.64,11429.94,-129.23,7059493551.0,9654161177.0,6822457604.0,10230425908.0,227886180.0,2950215202.0,-15647644944.0
20200616,35036346437.0,50683991381.0,11436.28,11469.84,11299.45,11306.26,6.34,9654161177.0,6822457604.0,10230425908.0,227886180.0,2950215202.0,-15647644944.0,18352782961.0
20200617,53488275850.0,35135492889.0,11380.67,11542.25,11380.67,11511.64,74.41,6822457604.0,10230425908.0,227886180.0,2950215202.0,-15647644944.0,18352782961.0,3775687339.0
20200618,43957824194.0,40182136855.0,11525.5,11550.32,11482.32,11534.59,13.86,10230425908.0,227886180.0,2950215202.0,-15647644944.0,18352782961.0,3775687339.0,2250829579.0
20200619,48607121186.0,46356291607.0,11534.2,11567.42,11485.39,11548.33,-0.39,227886180.0,2950215202.0,-15647644944.0,18352782961.0,3775687339.0,2250829579.0,-10219528934.0
20200622,78513712648.0,88733241582.0,11557.27,11584.88,11542.37,11549.86,8.94,2950215202.0,-15647644944.0,18352782961.0,3775687339.0,2250829579.0,-10219528934.0,2364258723.0
20200623,42884762667.0,40520503944.0,11553.91,11632.88,11553.91,11572.93,4.05,-15647644944.0,18352782961.0,3775687339.0,2250829579.0,-10219528934.0,2364258723.0,3810223208.0
20200624,54013466954.0,50203243746.0,11618.42,11679.4,11530.85,11612.36,45.49,18352782961.0,3775687339.0,2250829579.0,-10219528934.0,2364258723.0,3810223208.0,9333285270.0
20200629,56214982735.0,46881697465.0,11647.86,11701.23,11637.79,11660.67,35.5,3775687339.0,2250829579.0,-10219528934.0,2364258723.0,3810223208.0,9333285270.0,-12939439896.0
20200630,55007505541.0,67946945437.0,11608.8,11608.8,11500.65,11542.62,-51.87,2250829579.0,-10219528934.0,2364258723.0,3810223208.0,9333285270.0,-12939439896.0,6838905409.0
20200701,56769888714.0,49930983305.0,11563.6,11638.0,11563.6,11621.24,20.98,-10219528934.0,2364258723.0,3810223208.0,9333285270.0,-12939439896.0,6838905409.0,3650038323.0
20200702,41308179491.0,37658141168.0,11622.64,11736.39,11622.64,11703.42,1.4,2364258723.0,3810223208.0,9333285270.0,-12939439896.0,6838905409.0,3650038323.0,2857823145.0
20200703,44478608529.0,41620785384.0,11694.1,11805.21,11690.95,11805.14,-9.32,3810223208.0,9333285270.0,-12939439896.0,6838905409.0,3650038323.0,2857823145.0,10666904741.0
20200706,46360598882.0,35693694141.0,11857.9,11933.59,11857.9,11909.16,52.76,9333285270.0,-12939439896.0,6838905409.0,3650038323.0,2857823145.0,10666904741.0,20152618292.0
20200707,65837386141.0,45684767849.0,11941.84,12116.7,11941.84,12116.7,32.68,-12939439896.0,6838905409.0,3650038323.0,2857823145.0,10666904741.0,20152618292.0,4572952047.0
20200708,68833491977.0,64260539930.0,12176.79,12249.95,12028.57,12092.97,60.09,6838905409.0,3650038323.0,2857823145.0,10666904741.0,20152618292.0,4572952047.0,-5498958959.0
20200709,53281199219.0,58780158178.0,12086.13,12190.27,12083.84,12170.19,-6.84,3650038323.0,2857823145.0,10666904741.0,20152618292.0,4572952047.0,-5498958959.0,-6669438106.0
20200710,51074900518.0,57744338624.0,12222.9,12273.43,12181.34,12192.69,52.71,2857823145.0,10666904741.0,20152618292.0,4572952047.0,-5498958959.0,-6669438106.0,254833120.0
20200713,62547759529.0,62292926409.0,12250.44,12253.58,12030.2,12073.68,57.75,10666904741.0,20152618292.0,4572952047.0,-5498958959.0,-6669438106.0,254833120.0,4377525643.0
20200714,53925475061.0,49547949418.0,12109.61,12216.24,12109.61,12211.56,35.93,20152618292.0,4572952047.0,-5498958959.0,-6669438106.0,254833120.0,4377525643.0,-4732200604.0
20200715,52387365764.0,57119566368.0,12202.89,12228.31,12143.91,12209.01,-8.67,4572952047.0,-5498958959.0,-6669438106.0,254833120.0,4377525643.0,-4732200604.0,3959024230.0
20200716,66105394992.0,62146370762.0,12233.99,12320.48,12162.52,12202.85,24.98,-5498958959.0,-6669438106.0,254833120.0,4377525643.0,-4732200604.0,3959024230.0,-7058164222.0
20200717,51364830826.0,58422995048.0,12173.04,12220.93,12107.04,12157.74,-29.81,-6669438106.0,254833120.0,4377525643.0,-4732200604.0,3959024230.0,-7058164222.0,1780208668.0
20200720,48567700439.0,46787491771.0,12195.72,12266.93,12144.62,12181.56,37.98,254833120.0,4377525643.0,-4732200604.0,3959024230.0,-7058164222.0,1780208668.0,4354201361.0
20200721,49876747403.0,45522546042.0,12205.25,12221.33,12065.8,12174.54,23.69,4377525643.0,-4732200604.0,3959024230.0,-7058164222.0,1780208668.0,4354201361.0,12640568658.0
20200722,65230255984.0,52589687326.0,12242.32,12450.16,12242.32,12397.55,67.78,-4732200604.0,3959024230.0,-7058164222.0,1780208668.0,4354201361.0,12640568658.0,-2381908225.0
20200723,48828047540.0,51209955765.0,12389.76,12486.95,12389.4,12473.27,-7.79,3959024230.0,-7058164222.0,1780208668.0,4354201361.0,12640568658.0,-2381908225.0,-8869322986.0
20200724,51350296088.0,60219619074.0,12423.02,12429.76,12347.86,12413.04,-50.25,-7058164222.0,1780208668.0,4354201361.0,12640568658.0,-2381908225.0,-8869322986.0,-10770065236.0
20200727,62897600697.0,73667665933.0,12467.43,12502.84,12266.55,12304.04,54.39,1780208668.0,4354201361.0,12640568658.0,-2381908225.0,-8869322986.0,-10770065236.0,7532010246.0
20200728,70026962140.0,62494951894.0,12618.69,12686.36,12586.91,12588.3,314.65,4354201361.0,12640568658.0,-2381908225.0,-8869322986.0,-10770065236.0,7532010246.0,-7303868396.0
20200729,97309302368.0,104613170764.0,12951.72,13031.7,12533.19,12586.73,363.42,12640568658.0,-2381908225.0,-8869322986.0,-10770065236.0,7532010246.0,-7303868396.0,-6124890839.0
20200730,61827556835.0,67952447674.0,12530.74,12660.87,12488.01,12540.97,-55.99,-2381908225.0,-8869322986.0,-10770065236.0,7532010246.0,-7303868396.0,-6124890839.0,-2838321858.0
20200731,60059576546.0,62897898404.0,12691.86,12769.47,12616.83,12722.92,150.89,-8869322986.0,-10770065236.0,7532010246.0,-7303868396.0,-6124890839.0,-2838321858.0,-8909517046.0
20200803,58198953561.0,67108470607.0,12653.46,12733.48,12635.71,12664.8,-69.46,-10770065236.0,7532010246.0,-7303868396.0,-6124890839.0,-2838321858.0,-8909517046.0,-30242797765.0
20200804,56580400132.0,86823197897.0,12642.73,12673.02,12506.59,12513.03,-22.07,7532010246.0,-7303868396.0,-6124890839.0,-2838321858.0,-8909517046.0,-30242797765.0,5606282147.0
20200805,56591152370.0,50984870223.0,12577.88,12709.92,12577.88,12709.92,64.85,-7303868396.0,-6124890839.0,-2838321858.0,-8909517046.0,-30242797765.0,5606282147.0,-291023313.0
20200806,57588767247.0,57879790560.0,12762.34,12816.39,12739.99,12802.3,52.42,-6124890839.0,-2838321858.0,-8909517046.0,-30242797765.0,5606282147.0,-291023313.0,3912251760.0
20200807,62581098097.0,58668846337.0,12894.24,12971.87,12851.2,12913.5,91.94,-2838321858.0,-8909517046.0,-30242797765.0,5606282147.0,-291023313.0,3912251760.0,-12188470936.0
20200810,53019143646.0,65207614582.0,12901.43,12912.63,12791.18,12828.87,-12.07,-8909517046.0,-30242797765.0,5606282147.0,-291023313.0,3912251760.0,-12188470936.0,2752292767.0
20200811,54385129043.0,51632836276.0,12786.8,12933.16,12786.8,12894.0,-42.07,-30242797765.0,5606282147.0,-291023313.0,3912251760.0,-12188470936.0,2752292767.0,-4971255621.0
20200812,49406016035.0,54377271656.0,12856.46,12906.01,12780.19,12780.19,-37.54,5606282147.0,-291023313.0,3912251760.0,-12188470936.0,2752292767.0,-4971255621.0,-10420073627.0
20200813,48342138857.0,58762212484.0,12713.63,12730.96,12625.54,12670.35,-66.56,-291023313.0,3912251760.0,-12188470936.0,2752292767.0,-4971255621.0,-10420073627.0,7232612033.0
20200814,65982446222.0,58749834189.0,12758.87,12812.8,12717.13,12763.13,88.52,3912251760.0,-12188470936.0,2752292767.0,-4971255621.0,-10420073627.0,7232612033.0,3948917829.0
20200817,55116268150.0,51167350321.0,12709.97,12801.31,12679.19,12795.46,-53.16,-12188470936.0,2752292767.0,-4971255621.0,-10420073627.0,7232612033.0,3948917829.0,9645522408.0
20200818,56208816666.0,46563294258.0,12813.94,12956.11,12800.69,12956.11,18.48,2752292767.0,-4971255621.0,-10420073627.0,7232612033.0,3948917829.0,9645522408.0,-2995480165.0
20200819,65473998741.0,68469478906.0,12974.96,12981.58,12840.25,12872.14,18.85,-4971255621.0,-10420073627.0,7232612033.0,3948917829.0,9645522408.0,-2995480165.0,-519737152.0
20200820,66681585029.0,67201322181.0,12904.84,12950.11,12778.64,12778.64,32.7,-10420073627.0,7232612033.0,3948917829.0,9645522408.0,-2995480165.0,-519737152.0,-14670544659.0
20200821,90308201936.0,104978746595.0,12764.75,12764.75,12144.76,12362.64,-13.89,7232612033.0,3948917829.0,9645522408.0,-2995480165.0,-519737152.0,-14670544659.0,5646533740.0
20200824,68181618396.0,62535084656.0,12462.52,12638.65,12462.52,12607.84,99.88,3948917829.0,9645522408.0,-2995480165.0,-519737152.0,-14670544659.0,5646533740.0,-864570540.0
20200825,65008682223.0,65873252763.0,12629.78,12702.94,12567.95,12647.13,21.94,9645522408.0,-2995480165.0,-519737152.0,-14670544659.0,5646533740.0,-864570540.0,3465353333.0
20200826,55192388219.0,51727034886.0,12706.4,12814.56,12698.85,12758.25,59.27,-2995480165.0,-519737152.0,-14670544659.0,5646533740.0,-864570540.0,3465353333.0,1903242794.0
20200827,48436599807.0,46533357013.0,12768.96,12833.29,12734.69,12833.29,10.71,-519737152.0,-14670544659.0,5646533740.0,-864570540.0,3465353333.0,1903242794.0,-7746717667.0
20200828,53210146944.0,60956864611.0,12888.65,12960.68,12786.45,12797.31,55.36,-14670544659.0,5646533740.0,-864570540.0,3465353333.0,1903242794.0,-7746717667.0,-6075890602.0
20200831,56719511414.0,62795402016.0,12759.3,12799.16,12674.57,12728.85,-38.01,5646533740.0,-864570540.0,3465353333.0,1903242794.0,-7746717667.0,-6075890602.0,-15742498776.0
20200901,94339612838.0,110082111614.0,12763.44,12831.38,12591.45,12591.45,34.59,-864570540.0,3465353333.0,1903242794.0,-7746717667.0,-6075890602.0,-15742498776.0,3832254716.0
20200902,74360131547.0,70527876831.0,12617.39,12703.28,12565.83,12703.28,25.94,3465353333.0,1903242794.0,-7746717667.0,-6075890602.0,-15742498776.0,3832254716.0,-5026642329.0
20200903,60527076031.0,65553718360.0,12772.43,12802.61,12646.47,12699.5,69.15,1903242794.0,-7746717667.0,-6075890602.0,-15742498776.0,3832254716.0,-5026642329.0,10851819211.0
20200904,71496494534.0,60644675323.0,12774.97,12857.79,12732.32,12757.97,75.47,-7746717667.0,-6075890602.0,-15742498776.0,3832254716.0,-5026642329.0,10851819211.0,-23596857276.0
20200907,55418952154.0,79015809430.0,12645.92,12655.67,12559.78,12637.95,-112.05,-6075890602.0,-15742498776.0,3832254716.0,-5026642329.0,10851819211.0,-23596857276.0,-9466252661.0
20200908,52079728602.0,61545981263.0,12645.93,12725.05,12575.36,12601.4,7.98,-15742498776.0,3832254716.0,-5026642329.0,10851819211.0,-23596857276.0,-9466252661.0,4103079322.0
20200909,54761824558.0,50658745236.0,12637.42,12702.55,12614.72,12663.56,36.02,3832254716.0,-5026642329.0,10851819211.0,-23596857276.0,-9466252661.0,4103079322.0,-9812659133.0
20200910,55593399070.0,65406058203.0,12592.18,12616.57,12480.5,12608.58,-71.38,-5026642329.0,10851819211.0,-23596857276.0,-9466252661.0,4103079322.0,-9812659133.0,5820225161.0
20200911,54724969435.0,48904744274.0,12665.74,12708.64,12650.4,12691.75,57.16,10851819211.0,-23596857276.0,-9466252661.0,4103079322.0,-9812659133.0,5820225161.0,3923974692.0
20200914,51014553371.0,47090578679.0,12697.46,12701.79,12616.68,12675.95,5.71,-23596857276.0,-9466252661.0,4103079322.0,-9812659133.0,5820225161.0,3923974692.0,9580558943.0
20200915,51976715614.0,42396156671.0,12680.41,12793.07,12680.41,12787.82,4.46,-9466252661.0,4103079322.0,-9812659133.0,5820225161.0,3923974692.0,9580558943.0,5858563983.0
20200916,53992162188.0,48133598205.0,12787.42,12857.73,12773.23,12845.65,-0.4,4103079322.0,-9812659133.0,5820225161.0,3923974692.0,9580558943.0,5858563983.0,18473340616.0
20200917,70065334193.0,51591993577.0,12989.81,13021.68,12948.72,12976.76,144.16,-9812659133.0,5820225161.0,3923974692.0,9580558943.0,5858563983.0,18473340616.0,-9973443639.0
20200918,47163206875.0,57136650514.0,12920.15,12972.52,12851.52,12872.74,-56.61,5820225161.0,3923974692.0,9580558943.0,5858563983.0,18473340616.0,-9973443639.0,-836162239.0
20200921,79061730968.0,79897893207.0,12858.6,12927.81,12841.09,12875.62,-14.14,3923974692.0,9580558943.0,5858563983.0,18473340616.0,-9973443639.0,-836162239.0,-6518771059.0
20200922,42793035519.0,49311806578.0,12874.61,12952.31,12795.09,12795.12,-1.01,9580558943.0,5858563983.0,18473340616.0,-9973443639.0,-836162239.0,-6518771059.0,-9409005186.0
20200923,45565652352.0,54974657538.0,12786.91,12786.91,12632.74,12645.51,-8.21,5858563983.0,18473340616.0,-9973443639.0,-836162239.0,-6518771059.0,-9409005186.0,-11953207600.0
20200924,43354537666.0,55307745266.0,12656.3,12700.89,12548.07,12583.88,10.79,18473340616.0,-9973443639.0,-836162239.0,-6518771059.0,-9409005186.0,-11953207600.0,-43730546750.0
20200925,48336465024.0,92067011774.0,12487.48,12487.48,12264.38,12264.38,-96.4,-9973443639.0,-836162239.0,-6518771059.0,-9409005186.0,-11953207600.0,-43730546750.0,-284445825.0
20200928,58548131195.0,58832577020.0,12312.94,12385.81,12149.81,12232.91,48.56,-836162239.0,-6518771059.0,-9409005186.0,-11953207600.0,-43730546750.0,-284445825.0,10073960111.0
20200929,50755778392.0,40681818281.0,12282.36,12462.76,12282.36,12462.76,49.45,-6518771059.0,-9409005186.0,-11953207600.0,-43730546750.0,-284445825.0,10073960111.0,-1875869985.0
20200930,57983036900.0,59858906885.0,12488.1,12571.34,12429.72,12467.73,25.34,-9409005186.0,-11953207600.0,-43730546750.0,-284445825.0,10073960111.0,-1875869985.0,4904466995.0
20201005,49258625840.0,44354158845.0,12483.65,12568.68,12466.58,12515.61,15.92,-11953207600.0,-43730546750.0,-284445825.0,10073960111.0,-1875869985.0,4904466995.0,315410943.0
20201006,47422694062.0,47107283119.0,12567.88,12637.62,12519.12,12548.28,52.27,-43730546750.0,-284445825.0,10073960111.0,-1875869985.0,4904466995.0,315410943.0,9368690807.0
20201007,51211057504.0,41842366697.0,12644.09,12706.39,12644.09,12704.23,95.81,-284445825.0,10073960111.0,-1875869985.0,4904466995.0,315410943.0,9368690807.0,5736906592.0
20201008,52464756038.0,46727849446.0,12667.51,12774.36,12619.81,12746.37,-36.72,10073960111.0,-1875869985.0,4904466995.0,315410943.0,9368690807.0,5736906592.0,16885565819.0
20201012,65303139831.0,48417574012.0,12832.54,12887.19,12818.01,12887.19,86.17,-1875869985.0,4904466995.0,315410943.0,9368690807.0,5736906592.0,16885565819.0,13367933977.0
20201013,81803960601.0,68436026624.0,12959.15,12997.79,12898.89,12955.91,71.96,4904466995.0,315410943.0,9368690807.0,5736906592.0,16885565819.0,13367933977.0,1479449402.0
20201014,54456086486.0,52976637084.0,12988.44,12994.66,12857.1,12947.13,32.53,315410943.0,9368690807.0,5736906592.0,16885565819.0,13367933977.0,1479449402.0,-6627991758.0
20201015,65121671560.0,71749663318.0,12927.09,12960.0,12895.79,12919.31,-20.04,9368690807.0,5736906592.0,16885565819.0,13367933977.0,1479449402.0,-6627991758.0,-13440935588.0
20201016,45666214979.0,59107150567.0,12892.29,12909.11,12786.26,12827.82,-27.02,5736906592.0,16885565819.0,13367933977.0,1479449402.0,-6627991758.0,-13440935588.0,-3718620555.0
20201019,47713469340.0,51432089895.0,12814.16,12896.3,12750.37,12750.37,-13.66,16885565819.0,13367933977.0,1479449402.0,-6627991758.0,-13440935588.0,-3718620555.0,12758629268.0
20201020,51630627493.0,38871998225.0,12803.32,12911.41,12803.32,12908.34,52.95,13367933977.0,1479449402.0,-6627991758.0,-13440935588.0,-3718620555.0,12758629268.0,-2017304982.0
20201021,40936667941.0,42953972923.0,12889.99,12917.75,12862.37,12862.37,-18.35,1479449402.0,-6627991758.0,-13440935588.0,-3718620555.0,12758629268.0,-2017304982.0,-599336314.0
20201022,46193780656.0,46793116970.0,12889.88,12942.12,12846.42,12877.25,27.51,-6627991758.0,-13440935588.0,-3718620555.0,12758629268.0,-2017304982.0,-599336314.0,6737683327.0
20201023,63984695339.0,57247012012.0,12854.97,12917.03,12827.4,12917.03,-22.28,-13440935588.0,-3718620555.0,12758629268.0,-2017304982.0,-599336314.0,6737683327.0,-2769840580.0
20201026,37791909511.0,40561750091.0,12945.12,12963.26,12875.23,12898.82,28.09,-3718620555.0,12758629268.0,-2017304982.0,-599336314.0,6737683327.0,-2769840580.0,-1459389383.0
20201027,36000779679.0,37460169062.0,12923.55,12971.58,12894.18,12909.03,24.73,12758629268.0,-2017304982.0,-599336314.0,6737683327.0,-2769840580.0,-1459389383.0,-4749981646.0
20201028,48172637318.0,52922618964.0,12867.77,12884.32,12821.07,12875.01,-41.26,-2017304982.0,-599336314.0,6737683327.0,-2769840580.0,-1459389383.0,-4749981646.0,-7279250664.0
20201029,39512036078.0,46791286742.0,12853.76,12879.98,12761.33,12793.75,-21.25,-599336314.0,6737683327.0,-2769840580.0,-1459389383.0,-4749981646.0,-7279250664.0,-16096637879.0
20201030,43767360753.0,59863998632.0,12687.64,12699.82,12583.37,12662.91,-106.11,6737683327.0,-2769840580.0,-1459389383.0,-4749981646.0,-7279250664.0,-16096637879.0,-22212786897.0
20201102,53933406763.0,76146193660.0,12651.35,12656.29,12546.34,12546.34,-11.56,-2769840580.0,-1459389383.0,-4749981646.0,-7279250664.0,-16096637879.0,-22212786897.0,2910321583.0
20201103,50880659089.0,47970337506.0,12565.32,12594.34,12480.66,12591.31,18.98,-1459389383.0,-4749981646.0,-7279250664.0,-16096637879.0,-22212786897.0,2910321583.0,14519340813.0
20201104,53987437491.0,39468096678.0,12641.28,12760.14,12641.28,12736.01,49.97,-4749981646.0,-7279250664.0,-16096637879.0,-22212786897.0,2910321583.0,14519340813.0,6145359497.0
20201105,51411496648.0,45266137151.0,12766.86,12885.28,12736.02,12867.9,30.85,-7279250664.0,-16096637879.0,-22212786897.0,2910321583.0,14519340813.0,6145359497.0,15371893610.0
20201106,58176488237.0,42804594627.0,12878.01,12918.8,12840.4,12918.8,10.11,-16096637879.0,-22212786897.0,2910321583.0,14519340813.0,6145359497.0,15371893610.0,13773100658.0
20201109,55392765296.0,41619664638.0,12952.49,12999.16,12927.3,12973.53,33.69,-22212786897.0,2910321583.0,14519340813.0,6145359497.0,15371893610.0,13773100658.0,21275640459.0
20201110,70507024144.0,49231383685.0,13053.98,13149.9,13048.67,13127.47,80.45,2910321583.0,14519340813.0,6145359497.0,15371893610.0,13773100658.0,21275640459.0,-3291600779.0
20201111,67834700732.0,71126301511.0,13090.65,13142.22,13022.92,13081.72,-36.82,14519340813.0,6145359497.0,15371893610.0,13773100658.0,21275640459.0,-3291600779.0,15391636048.0
20201112,78096019355.0,62704383307.0,13067.04,13262.19,13067.04,13262.19,-14.68,6145359497.0,15371893610.0,13773100658.0,21275640459.0,-3291600779.0,15391636048.0,5600426108.0
20201113,74664784686.0,69064358578.0,13324.86,13324.86,13193.74,13221.78,62.67,15371893610.0,13773100658.0,21275640459.0,-3291600779.0,15391636048.0,5600426108.0,5213991887.0
20201116,53064503945.0,47850512058.0,13221.8,13273.33,13170.12,13273.33,0.02,13773100658.0,21275640459.0,-3291600779.0,15391636048.0,5600426108.0,5213991887.0,22870448189.0
20201117,73994184924.0,51123736735.0,13356.74,13551.83,13356.74,13551.83,83.41,21275640459.0,-3291600779.0,15391636048.0,5600426108.0,5213991887.0,22870448189.0,15099256833.0
20201118,75258636115.0,60159379282.0,13723.77,13780.12,13593.01,13593.01,171.94,-3291600779.0,15391636048.0,5600426108.0,5213991887.0,22870448189.0,15099256833.0,21140845593.0
20201119,85225124427.0,64084278834.0,13628.42,13773.29,13608.72,13773.29,35.41,15391636048.0,5600426108.0,5213991887.0,22870448189.0,15099256833.0,21140845593.0,-4702830873.0
20201120,58053544961.0,62756375834.0,13775.26,13785.92,13700.04,13722.43,1.97,5600426108.0,5213991887.0,22870448189.0,15099256833.0,21140845593.0,-4702830873.0,-4475805495.0
20201123,55725551914.0,60201357409.0,13702.59,13726.22,13666.07,13716.44,-19.84,5213991887.0,22870448189.0,15099256833.0,21140845593.0,-4702830873.0,-4475805495.0,10876750165.0
20201124,69816614108.0,58939863943.0,13793.55,13921.16,13793.55,13878.01,77.11,22870448189.0,15099256833.0,21140845593.0,-4702830873.0,-4475805495.0,10876750165.0,-4776705746.0
20201125,58291467066.0,63068172812.0,13918.84,13951.17,13798.32,13807.13,40.83,15099256833.0,21140845593.0,-4702830873.0,-4475805495.0,10876750165.0,-4776705746.0,-10632068345.0
20201126,62297306290.0,72929374635.0,13860.95,13893.2,13731.81,13738.83,53.82,21140845593.0,-4702830873.0,-4475805495.0,10876750165.0,-4776705746.0,-10632068345.0,3208563308.0
20201127,56304423459.0,53095860151.0,13763.79,13856.76,13763.79,13845.66,24.96,-4702830873.0,-4475805495.0,10876750165.0,-4776705746.0,-10632068345.0,3208563308.0,-3217584151.0
20201130,59327041368.0,62544625519.0,13833.21,13885.01,13811.81,13867.09,-12.45,-4475805495.0,10876750165.0,-4776705746.0,-10632068345.0,3208563308.0,-3217584151.0,-33283065640.0
20201201,175042609216.0,208325674856.0,13917.65,13969.39,13722.89,13722.89,50.56,10876750165.0,-4776705746.0,-10632068345.0,3208563308.0,-3217584151.0,-33283065640.0,489596790.0
20201202,64234035390.0,63744438600.0,13810.55,13885.67,13749.71,13885.67,87.66,-4776705746.0,-10632068345.0,3208563308.0,-3217584151.0,-33283065640.0,489596790.0,2544926742.0
20201203,88121355417.0,85576428675.0,13970.51,13995.7,13894.7,13989.14,84.84,-10632068345.0,3208563308.0,-3217584151.0,-33283065640.0,489596790.0,2544926742.0,-6477690056.0
20201204,66373495340.0,72851185396.0,13988.49,14049.58,13940.07,13977.09,-0.65,3208563308.0,-3217584151.0,-33283065640.0,489596790.0,2544926742.0,-6477690056.0,14682560201.0
20201207,76249877831.0,61567317630.0,14010.17,14149.56,14010.17,14132.44,33.08,-3217584151.0,-33283065640.0,489596790.0,2544926742.0,-6477690056.0,14682560201.0,-6911238692.0
20201208,73247840982.0,80159079674.0,14230.0,14306.87,14142.02,14256.6,97.56,-33283065640.0,489596790.0,2544926742.0,-6477690056.0,14682560201.0,-6911238692.0,4193509462.0
20201209,65342758801.0,61149249339.0,14251.94,14367.0,14184.58,14360.4,-4.66,489596790.0,2544926742.0,-6477690056.0,14682560201.0,-6911238692.0,4193509462.0,-1198365512.0
20201210,72699289098.0,73897654610.0,14336.69,14427.41,14336.69,14390.14,-23.71,2544926742.0,-6477690056.0,14682560201.0,-6911238692.0,4193509462.0,-1198365512.0,-14342785894.0
20201211,61635854201.0,75978640095.0,14295.15,14319.38,14191.85,14249.49,-94.99,-6477690056.0,14682560201.0,-6911238692.0,4193509462.0,-1198365512.0,-14342785894.0,-2130524168.0
20201214,75401266129.0,77531790297.0,14298.59,14353.17,14081.42,14261.69,49.1,14682560201.0,-6911238692.0,4193509462.0,-1198365512.0,-14342785894.0,-2130524168.0,-3780427838.0
20201215,57810692741.0,61591120579.0,14238.92,14270.34,14182.25,14211.05,-22.77,-6911238692.0,4193509462.0,-1198365512.0,-14342785894.0,-2130524168.0,-3780427838.0,-16520278470.0
20201216,67430886036.0,83951164506.0,14206.33,14256.55,14053.35,14068.52,-4.72,4193509462.0,-1198365512.0,-14342785894.0,-2130524168.0,-3780427838.0,-16520278470.0,29277268278.0
20201217,94239405297.0,64962137019.0,14145.24,14339.5,14145.24,14304.46,76.72,-1198365512.0,-14342785894.0,-2130524168.0,-3780427838.0,-16520278470.0,29277268278.0,2903894835.0
20201218,67737178892.0,64833284057.0,14326.16,14338.4,14213.49,14258.93,21.7,-14342785894.0,-2130524168.0,-3780427838.0,-16520278470.0,29277268278.0,2903894835.0,68910166.0
20201221,74753649075.0,74684738909.0,14268.13,14329.12,14245.6,14249.96,9.2,-2130524168.0,-3780427838.0,-16520278470.0,29277268278.0,2903894835.0,68910166.0,10436251661.0
20201222,66252478029.0,55816226368.0,14273.79,14384.96,14166.89,14384.96,23.83,-3780427838.0,-16520278470.0,29277268278.0,2903894835.0,68910166.0,10436251661.0,-9986882802.0
20201223,52767947991.0,62754830793.0,14348.11,14411.93,14175.69,14177.46,-36.85,-16520278470.0,29277268278.0,2903894835.0,68910166.0,10436251661.0,-9986882802.0,683552750.0
20201224,49691816146.0,49008263396.0,14180.7,14247.79,14134.87,14223.09,3.24,29277268278.0,2903894835.0,68910166.0,10436251661.0,-9986882802.0,683552750.0,3009615253.0
20201225,43561411204.0,40551795951.0,14256.29,14324.42,14256.29,14280.28,33.2,2903894835.0,68910166.0,10436251661.0,-9986882802.0,683552750.0,3009615253.0,5274170949.0
20201228,29307417715.0,24033246766.0,14306.98,14400.83,14296.97,14331.42,26.7,68910166.0,10436251661.0,-9986882802.0,683552750.0,3009615253.0,5274170949.0,12949871214.0
20201229,51458810611.0,38508939397.0,14363.45,14483.07,14363.45,14483.07,32.03,10436251661.0,-9986882802.0,683552750.0,3009615253.0,5274170949.0,12949871214.0,-1256508512.0
20201230,49038906112.0,50295414624.0,14500.91,14547.07,14435.03,14472.05,17.84,-9986882802.0,683552750.0,3009615253.0,5274170949.0,12949871214.0,-1256508512.0,26833686455.0
20201231,73614302563.0,46780616108.0,14485.97,14695.44,14476.69,14687.7,13.92,683552750.0,3009615253.0,5274170949.0,12949871214.0,-1256508512.0,26833686455.0,5697920877.0
20210104,58690809536.0,52992888659.0,14704.53,14760.06,14646.33,14732.53,16.83,3009615253.0,5274170949.0,12949871214.0,-1256508512.0,26833686455.0,5697920877.0,24767852178.0
20210105,81855407762.0,57087555584.0,14720.25,14937.13,14720.25,14902.03,-12.28,5274170949.0,12949871214.0,-1256508512.0,26833686455.0,5697920877.0,24767852178.0,2654131011.0
20210106,75782661535.0,73128530524.0,14913.64,15000.03,14861.99,15000.03,11.61,12949871214.0,-1256508512.0,26833686455.0,5697920877.0,24767852178.0,2654131011.0,-148111371.0
20210107,92700248743.0,92848360114.0,15145.85,15197.68,14837.0,14983.13,145.82,-1256508512.0,26833686455.0,5697920877.0,24767852178.0,2654131011.0,-148111371.0,16452629367.0
20210108,86923518742.0,70470889375.0,15059.52,15270.4,15049.86,15214.0,76.39,26833686455.0,5697920877.0,24767852178.0,2654131011.0,-148111371.0,16452629367.0,19714889723.0
20210111,110553338523.0,90838448800.0,15365.13,15463.95,15275.38,15463.95,151.13,5697920877.0,24767852178.0,2654131011.0,-148111371.0,16452629367.0,19714889723.0,-1586825248.0
20210112,81116545185.0,82703370433.0,15425.58,15557.3,15395.73,15557.3,-38.37,24767852178.0,2654131011.0,-148111371.0,16452629367.0,19714889723.0,-1586825248.0,-6431413430.0
20210113,78943836702.0,85375250132.0,15549.53,15642.03,15421.23,15500.7,-7.77,2654131011.0,-148111371.0,16452629367.0,19714889723.0,-1586825248.0,-6431413430.0,15547643077.0
20210114,116914457063.0,101366813986.0,15550.16,15778.52,15550.16,15769.98,49.46,-148111371.0,16452629367.0,19714889723.0,-1586825248.0,-6431413430.0,15547643077.0,-8927132565.0
20210115,98898454630.0,107825587195.0,15651.2,15760.15,15620.96,15707.19,-118.78,16452629367.0,19714889723.0,-1586825248.0,-6431413430.0,15547643077.0,-8927132565.0,-4039399956.0
20210118,107736355675.0,111775755631.0,15987.16,16041.59,15615.11,15616.39,279.97,19714889723.0,-1586825248.0,-6431413430.0,15547643077.0,-8927132565.0,-4039399956.0,-1551401722.0
20210119,82851908023.0,84403309745.0,15676.45,15676.45,15320.97,15612.0,60.06,-1586825248.0,-6431413430.0,15547643077.0,-8927132565.0,-4039399956.0,-1551401722.0,6621592823.0
20210120,74643590548.0,68021997725.0,15716.64,15928.14,15716.64,15877.37,104.64,-6431413430.0,15547643077.0,-8927132565.0,-4039399956.0,-1551401722.0,6621592823.0,-21545509864.0
20210121,112243568228.0,133789078092.0,15934.85,16004.32,15745.48,15806.18,57.48,15547643077.0,-8927132565.0,-4039399956.0,-1551401722.0,6621592823.0,-21545509864.0,2121669007.0
20210122,97334396256.0,95212727249.0,15775.73,16238.46,15775.73,16153.77,-30.45,-8927132565.0,-4039399956.0,-1551401722.0,6621592823.0,-21545509864.0,2121669007.0,-34350989509.0
20210125,96421585899.0,130772575408.0,15984.89,16138.04,15973.02,16019.03,-168.88,-4039399956.0,-1551401722.0,6621592823.0,-21545509864.0,2121669007.0,-34350989509.0,-20976226971.0
20210126,84495851796.0,105472078767.0,16006.21,16014.96,15772.63,15946.54,-12.82,-1551401722.0,6621592823.0,-21545509864.0,2121669007.0,-34350989509.0,-20976226971.0,-28856981467.0
20210127,87523624675.0,116380606142.0,15955.16,16023.87,15589.21,15658.85,8.62,6621592823.0,-21545509864.0,2121669007.0,-34350989509.0,-20976226971.0,-28856981467.0,-5305691863.0
20210128,91891011227.0,97196703090.0,15711.76,15837.47,15642.12,15701.45,52.91,-21545509864.0,2121669007.0,-34350989509.0,-20976226971.0,-28856981467.0,-5305691863.0,-32542976515.0
20210129,96370795094.0,128913771609.0,15519.85,15557.02,15367.45,15415.88,-181.6,2121669007.0,-34350989509.0,-20976226971.0,-28856981467.0,-5305691863.0,-32542976515.0,-34697887095.0
20210201,106279830848.0,140977717943.0,15544.36,15603.41,15138.31,15138.31,128.48,-34350989509.0,-20976226971.0,-28856981467.0,-5305691863.0,-32542976515.0,-34697887095.0,14587240096.0
20210202,84609652929.0,70022412833.0,15176.56,15429.98,15089.96,15410.09,38.25,-20976226971.0,-28856981467.0,-5305691863.0,-32542976515.0,-34697887095.0,14587240096.0,9291005290.0
20210203,91765233415.0,82474228125.0,15546.69,15838.15,15546.69,15760.05,136.6,-28856981467.0,-5305691863.0,-32542976515.0,-34697887095.0,14587240096.0,9291005290.0,-333382802.0
20210204,83896666778.0,84230049580.0,15828.64,15896.4,15741.16,15771.32,68.59,-5305691863.0,-32542976515.0,-34697887095.0,14587240096.0,9291005290.0,-333382802.0,-11697349639.0
20210205,64382155284.0,76079504923.0,15697.75,15801.37,15606.74,15706.22,-73.57,-32542976515.0,-34697887095.0,14587240096.0,9291005290.0,-333382802.0,-11697349639.0,-5625328575.0
20210217,73576875154.0,79202203729.0,15805.76,15938.09,15774.34,15802.4,99.54,-34697887095.0,14587240096.0,9291005290.0,-333382802.0,-11697349639.0,-5625328575.0,29725762011.0
20210218,164845363585.0,135119601574.0,16197.45,16406.78,16197.45,16362.29,395.05,14587240096.0,9291005290.0,-333382802.0,-11697349639.0,-5625328575.0,29725762011.0,-3246590716.0
20210219,98540845421.0,101787436137.0,16366.23,16517.73,16323.22,16424.51,3.94,9291005290.0,-333382802.0,-11697349639.0,-5625328575.0,29725762011.0,-3246590716.0,-18928198331.0
20210222,86065173608.0,104993371939.0,16376.91,16382.7,16211.25,16341.38,-47.6,-333382802.0,-11697349639.0,-5625328575.0,29725762011.0,-3246590716.0,-18928198331.0,-2873908839.0
20210223,81401674428.0,84275583267.0,16445.87,16579.17,16410.16,16410.16,104.49,-11697349639.0,-5625328575.0,29725762011.0,-3246590716.0,-18928198331.0,-2873908839.0,4251709014.0
20210224,94882628967.0,90630919953.0,16320.88,16467.75,16211.75,16443.4,-89.28,-5625328575.0,29725762011.0,-3246590716.0,-18928198331.0,-2873908839.0,4251709014.0,-23926794406.0
20210225,100472574288.0,124399368694.0,16329.54,16456.94,16212.53,16212.53,-113.86,29725762011.0,-3246590716.0,-18928198331.0,-2873908839.0,4251709014.0,-23926794406.0,23132222991.0
20210226,102887692772.0,79755469781.0,16376.8,16474.05,16322.27,16452.18,164.27,-3246590716.0,-18928198331.0,-2873908839.0,4251709014.0,-23926794406.0,23132222991.0,-94407572721.0
20210302,128378441527.0,222786014248.0,16190.04,16190.04,15953.8,15953.8,-262.14,-18928198331.0,-2873908839.0,4251709014.0,-23926794406.0,23132222991.0,-94407572721.0,-6783497364.0
20210303,94987563906.0,101771061270.0,16127.87,16262.91,15946.88,15946.88,174.07,-2873908839.0,4251709014.0,-23926794406.0,23132222991.0,-94407572721.0,-6783497364.0,14107421901.0
20210304,110472846227.0,96365424326.0,15992.32,16211.73,15884.55,16211.73,45.44,4251709014.0,-23926794406.0,23132222991.0,-94407572721.0,-6783497364.0,14107421901.0,-52515040476.0
20210305,75312891000.0,127827931476.0,16091.75,16091.75,15840.99,15906.41,-119.98,-23926794406.0,23132222991.0,-94407572721.0,-6783497364.0,14107421901.0,-52515040476.0,-26352191942.0
20210308,78824095334.0,105176287276.0,15759.58,15934.43,15636.43,15855.23,-146.83,23132222991.0,-94407572721.0,-6783497364.0,14107421901.0,-52515040476.0,-26352191942.0,-16700698758.0
20210309,71239371556.0,87940070314.0,15943.37,16074.97,15816.5,15820.11,88.14,-94407572721.0,-6783497364.0,14107421901.0,-52515040476.0,-26352191942.0,-16700698758.0,-3086876259.0
20210310,92018303051.0,95105179310.0,15715.07,15864.26,15657.92,15853.09,-105.04,-6783497364.0,14107421901.0,-52515040476.0,-26352191942.0,-16700698758.0,-3086876259.0,-3819512682.0
20210311,68263053700.0,72082566382.0,15921.45,15986.07,15857.32,15911.67,68.36,14107421901.0,-52515040476.0,-26352191942.0,-16700698758.0,-3086876259.0,-3819512682.0,19511991064.0
20210312,98931654454.0,79419663390.0,15947.21,16216.22,15947.21,16179.56,35.54,-52515040476.0,-26352191942.0,-16700698758.0,-3086876259.0,-3819512682.0,19511991064.0,6026199047.0
20210315,72796920805.0,66770721758.0,16241.55,16298.03,16166.35,16255.18,61.99,-26352191942.0,-16700698758.0,-3086876259.0,-3819512682.0,19511991064.0,6026199047.0,-2974472533.0
20210316,62389970363.0,65364442896.0,16256.58,16281.91,16194.91,16249.33,1.4,-16700698758.0,-3086876259.0,-3819512682.0,19511991064.0,6026199047.0,-2974472533.0,-1161892191.0
20210317,70975718229.0,72137610420.0,16253.93,16340.66,16244.99,16313.16,4.6,-3086876259.0,-3819512682.0,19511991064.0,6026199047.0,-2974472533.0,-1161892191.0,-12942654783.0
20210318,72435233194.0,85377887977.0,16312.98,16349.21,16166.35,16215.82,-0.18,-3819512682.0,19511991064.0,6026199047.0,-2974472533.0,-1161892191.0,-12942654783.0,10805395460.0
20210319,83734385092.0,72928989632.0,16264.61,16410.02,16264.61,16287.84,48.79,19511991064.0,6026199047.0,-2974472533.0,-1161892191.0,-12942654783.0,10805395460.0,-38761137304.0
20210322,115965772958.0,154726910262.0,16186.46,16186.46,16022.17,16070.24,-101.38,6026199047.0,-2974472533.0,-1161892191.0,-12942654783.0,10805395460.0,-38761137304.0,-5075845890.0
20210323,73743680736.0,78819526626.0,16065.5,16235.63,15983.77,16189.22,-4.74,-2974472533.0,-1161892191.0,-12942654783.0,10805395460.0,-38761137304.0,-5075845890.0,-5380017891.0
20210324,79146375816.0,84526393707.0,16250.2,16351.38,16166.29,16177.59,60.98,-1161892191.0,-12942654783.0,10805395460.0,-38761137304.0,-5075845890.0,-5380017891.0,-35772021619.0
20210325,64487371377.0,100259392996.0,15994.96,16125.54,15967.95,16032.12,-182.63,-12942654783.0,10805395460.0,-38761137304.0,-5075845890.0,-5380017891.0,-35772021619.0,-16573118715.0
20210326,73395844781.0,89968963496.0,16010.54,16146.58,15944.96,16060.14,-21.58,10805395460.0,-38761137304.0,-5075845890.0,-5380017891.0,-35772021619.0,-16573118715.0,23139939541.0
20210329,80732434014.0,57592494473.0,16140.37,16325.62,16140.37,16305.88,80.23,-38761137304.0,-5075845890.0,-5380017891.0,-35772021619.0,-16573118715.0,23139939541.0,8717923696.0
20210330,76563811368.0,67845887672.0,16411.67,16520.89,16411.67,16475.97,105.79,-5075845890.0,-5380017891.0,-35772021619.0,-16573118715.0,23139939541.0,8717923696.0,11220534957.0
20210331,81837597022.0,70617062065.0,16490.31,16556.19,16438.4,16554.9,14.34,-5380017891.0,-35772021619.0,-16573118715.0,23139939541.0,8717923696.0,11220534957.0,-16528772639.0
20210401,78166957073.0,94695729712.0,16529.23,16550.2,16427.2,16431.13,-25.67,-35772021619.0,-16573118715.0,23139939541.0,8717923696.0,11220534957.0,-16528772639.0,15455553383.0
20210406,77592076096.0,62136522713.0,16538.28,16602.47,16496.16,16571.28,107.15,-16573118715.0,23139939541.0,8717923696.0,11220534957.0,-16528772639.0,15455553383.0,14450714092.0
20210407,78012239412.0,63561525320.0,16711.79,16804.45,16711.79,16739.87,140.51,23139939541.0,8717923696.0,11220534957.0,-16528772639.0,15455553383.0,14450714092.0,6457424297.0
20210408,75878197099.0,69420772802.0,16771.35,16816.34,16715.32,16815.36,31.48,8717923696.0,11220534957.0,-16528772639.0,15455553383.0,14450714092.0,6457424297.0,1113326398.0
20210409,77229828311.0,76116501913.0,16786.56,16926.72,16735.78,16926.44,-28.8,11220534957.0,-16528772639.0,15455553383.0,14450714092.0,6457424297.0,1113326398.0,-4614873484.0
20210412,88008821051.0,92623694535.0,16974.28,17016.13,16815.59,16854.1,47.84,-16528772639.0,15455553383.0,14450714092.0,6457424297.0,1113326398.0,-4614873484.0,-7529123097.0
20210413,82313972930.0,89843096027.0,16908.55,16979.35,16793.54,16859.7,54.45,15455553383.0,14450714092.0,6457424297.0,1113326398.0,-4614873484.0,-7529123097.0,-1752357794.0
20210414,97514653480.0,99267011274.0,16872.4,17041.37,16802.22,16824.91,12.7,14450714092.0,6457424297.0,1113326398.0,-4614873484.0,-7529123097.0,-1752357794.0,-1796076733.0
20210415,104879192922.0,106675269655.0,16869.78,16935.39,16559.57,16865.97,44.87,6457424297.0,1113326398.0,-4614873484.0,-7529123097.0,-1752357794.0,-1796076733.0,4310911780.0
20210416,86289815157.0,81978903377.0,16851.06,17076.73,16851.06,17076.73,-14.91,1113326398.0,-4614873484.0,-7529123097.0,-1752357794.0,-1796076733.0,4310911780.0,6101316943.0
20210419,92611796803.0,86510479860.0,17028.35,17158.81,16998.91,17158.81,-48.38,-4614873484.0,-7529123097.0,-1752357794.0,-1796076733.0,4310911780.0,6101316943.0,6238221715.0
20210420,86024650325.0,79786428610.0,17141.25,17294.15,17135.52,17263.28,-17.56,-7529123097.0,-1752357794.0,-1796076733.0,4310911780.0,6101316943.0,6238221715.0,-1586708361.0
20210421,94539123371.0,96125831732.0,17231.58,17323.87,17175.02,17323.87,-31.7,-1752357794.0,-1796076733.0,4310911780.0,6101316943.0,6238221715.0,-1586708361.0,-20261092034.0
20210422,80974382357.0,101235474391.0,17282.76,17282.76,17167.39,17202.11,-41.11,-1796076733.0,4310911780.0,6101316943.0,6238221715.0,-1586708361.0,-20261092034.0,2914215185.0
20210423,132852162964.0,129937947779.0,17302.73,17428.15,17066.17,17096.97,100.62,4310911780.0,6101316943.0,6238221715.0,-1586708361.0,-20261092034.0,2914215185.0,19090429416.0
20210426,111974133260.0,92883703844.0,17117.49,17300.27,17055.48,17300.27,20.52,6101316943.0,6238221715.0,-1586708361.0,-20261092034.0,2914215185.0,19090429416.0,16016229585.0
20210427,109615685189.0,93599455604.0,17378.36,17572.29,17378.36,17572.29,78.09,6238221715.0,-1586708361.0,-20261092034.0,2914215185.0,19090429416.0,16016229585.0,3048711148.0
20210428,110159659409.0,107110948261.0,17586.02,17630.19,17489.71,17595.9,13.73,-1586708361.0,-20261092034.0,2914215185.0,19090429416.0,16016229585.0,3048711148.0,6004883202.0
20210429,106574654153.0,100569770951.0,17610.72,17628.81,17497.74,17567.53,14.82,-20261092034.0,2914215185.0,19090429416.0,16016229585.0,3048711148.0,6004883202.0,-6300959733.0
20210503,121329716087.0,127630675820.0,17646.93,17709.23,17548.3,17566.66,79.4,2914215185.0,19090429416.0,16016229585.0,3048711148.0,6004883202.0,-6300959733.0,-8169386416.0
20210504,130628221588.0,138797608004.0,17505.52,17546.94,17222.35,17222.35,-61.14,19090429416.0,16016229585.0,3048711148.0,6004883202.0,-6300959733.0,-8169386416.0,88845109.0
20210505,164035555561.0,163946710452.0,17249.56,17328.55,16647.61,16933.78,27.21,16016229585.0,3048711148.0,6004883202.0,-6300959733.0,-8169386416.0,88845109.0,-13272002957.0
20210506,106699280352.0,119971283309.0,16968.75,17052.2,16843.44,16843.44,34.97,3048711148.0,6004883202.0,-6300959733.0,-8169386416.0,88845109.0,-13272002957.0,-6915210329.0
20210507,119082392563.0,125997602892.0,16925.52,17088.73,16764.71,16994.36,82.08,6004883202.0,-6300959733.0,-8169386416.0,88845109.0,-13272002957.0,-6915210329.0,16062518916.0
20210510,113404765997.0,97342247081.0,17032.23,17285.0,17032.23,17285.0,37.87,-6300959733.0,-8169386416.0,88845109.0,-13272002957.0,-6915210329.0,16062518916.0,-2494685377.0
20210511,108266475711.0,110761161088.0,17274.23,17304.47,17188.15,17235.61,-10.77,-8169386416.0,88845109.0,-13272002957.0,-6915210329.0,16062518916.0,-2494685377.0,-42423134418.0
20210512,146519909361.0,188943043779.0,17137.19,17137.19,16460.87,16583.13,-98.42,88845109.0,-13272002957.0,-6915210329.0,16062518916.0,-2494685377.0,-42423134418.0,-12187251009.0
20210513,215804742128.0,227991993137.0,16515.88,16552.63,15165.27,15902.37,-67.25,-13272002957.0,-6915210329.0,16062518916.0,-2494685377.0,-42423134418.0,-12187251009.0,-22669904448.0
20210514,147674647100.0,170344551548.0,15668.33,16031.93,15368.54,15670.1,-234.04,-6915210329.0,16062518916.0,-2494685377.0,-42423134418.0,-12187251009.0,-22669904448.0,-13655889805.0
20210517,120384188923.0,134040078728.0,15819.24,16075.48,15702.1,15827.09,149.14,16062518916.0,-2494685377.0,-42423134418.0,-12187251009.0,-22669904448.0,-13655889805.0,33417037041.0
20210518,153805594777.0,120388557736.0,15554.99,15719.74,15159.86,15353.89,-272.1,-2494685377.0,-42423134418.0,-12187251009.0,-22669904448.0,-13655889805.0,33417037041.0,22134308469.0
20210519,133353859819.0,111219551350.0,15564.96,16153.77,15564.96,16145.98,211.07,-42423134418.0,-12187251009.0,-22669904448.0,-13655889805.0,33417037041.0,22134308469.0,-29381563048.0
20210520,99722692500.0,129104255548.0,16112.21,16273.98,16009.76,16132.66,-33.77,-12187251009.0,-22669904448.0,-13655889805.0,33417037041.0,22134308469.0,-29381563048.0,-17109308500.0
20210521,119326983274.0,136436291774.0,16122.52,16154.08,15943.45,16042.36,-10.14,-22669904448.0,-13655889805.0,33417037041.0,22134308469.0,-29381563048.0,-17109308500.0,17446282338.0
20210524,118077612723.0,100631330385.0,16136.86,16431.14,16136.86,16302.06,94.5,-13655889805.0,33417037041.0,22134308469.0,-29381563048.0,-17109308500.0,17446282338.0,-135904573.0
20210525,89233047920.0,89368952493.0,16246.52,16397.59,16136.97,16338.29,-55.54,33417037041.0,22134308469.0,-29381563048.0,-17109308500.0,17446282338.0,-135904573.0,-1184015725.0
20210526,116587435922.0,117771451647.0,16444.75,16657.6,16444.75,16595.67,106.46,22134308469.0,-29381563048.0,-17109308500.0,17446282338.0,-135904573.0,-1184015725.0,1950381083.0
20210527,91374647805.0,89424266722.0,16645.17,16706.29,16523.23,16643.69,49.5,-29381563048.0,-17109308500.0,17446282338.0,-135904573.0,-1184015725.0,1950381083.0,-12340267525.0
20210528,195019108085.0,207359375610.0,16591.7,16601.61,16419.42,16601.61,-51.99,-17109308500.0,17446282338.0,-135904573.0,-1184015725.0,1950381083.0,-12340267525.0,18694643673.0
20210531,111567987219.0,92873343546.0,16690.04,16889.01,16690.04,16870.86,88.43,17446282338.0,-135904573.0,-1184015725.0,1950381083.0,-12340267525.0,18694643673.0,13131089638.0
20210601,109244825364.0,96113735726.0,16948.47,17113.33,16939.91,17068.43,77.61,-135904573.0,-1184015725.0,1950381083.0,-12340267525.0,18694643673.0,13131089638.0,2022800862.0
20210602,84927865611.0,82905064749.0,17098.49,17184.3,17060.45,17162.38,30.06,-1184015725.0,1950381083.0,-12340267525.0,18694643673.0,13131089638.0,2022800862.0,-9446139673.0
20210603,96893962690.0,106340102363.0,17192.91,17274.66,17056.42,17165.04,30.53,1950381083.0,-12340267525.0,18694643673.0,13131089638.0,2022800862.0,-9446139673.0,8149071626.0
20210604,100743371028.0,92594299402.0,17201.3,17311.28,17198.89,17246.16,36.26,-12340267525.0,18694643673.0,13131089638.0,2022800862.0,-9446139673.0,8149071626.0,-16649837346.0
20210607,74814804294.0,91464641640.0,17225.06,17225.06,17084.49,17147.41,-21.1,18694643673.0,13131089638.0,2022800862.0,-9446139673.0,8149071626.0,-16649837346.0,-7821698380.0
20210608,88283414653.0,96105113033.0,17176.09,17189.23,16775.85,17083.91,28.68,13131089638.0,2022800862.0,-9446139673.0,8149071626.0,-16649837346.0,-7821698380.0,-6174764978.0
20210609,67812501434.0,73987266412.0,17094.34,17181.52,17056.53,17076.21,10.43,2022800862.0,-9446139673.0,8149071626.0,-16649837346.0,-7821698380.0,-6174764978.0,-14822988757.0
20210610,71525716229.0,86348704986.0,17082.52,17082.52,16907.43,16966.22,6.31,-9446139673.0,8149071626.0,-16649837346.0,-7821698380.0,-6174764978.0,-14822988757.0,18303178018.0
20210611,93741617605.0,75438439587.0,17024.54,17159.22,16978.01,17159.22,58.32,8149071626.0,-16649837346.0,-7821698380.0,-6174764978.0,-14822988757.0,18303178018.0,10663066297.0
20210615,83390595997.0,72727529700.0,17200.45,17278.55,17193.61,17213.52,41.23,-16649837346.0,-7821698380.0,-6174764978.0,-14822988757.0,18303178018.0,10663066297.0,14285546665.0
20210616,97915612241.0,83630065576.0,17279.7,17371.29,17279.7,17371.29,66.18,-7821698380.0,-6174764978.0,-14822988757.0,18303178018.0,10663066297.0,14285546665.0,-18181796580.0
20210617,96813814099.0,114995610679.0,17357.37,17398.22,17275.02,17307.86,-13.92,-6174764978.0,-14822988757.0,18303178018.0,10663066297.0,14285546665.0,-18181796580.0,-6714953398.0
20210618,87850739285.0,94565692683.0,17254.84,17390.61,17150.52,17390.61,-53.02,-14822988757.0,18303178018.0,10663066297.0,14285546665.0,-18181796580.0,-6714953398.0,-15813932136.0
20210621,124636109973.0,140450042109.0,17384.74,17417.5,17318.54,17318.54,-5.87,18303178018.0,10663066297.0,14285546665.0,-18181796580.0,-6714953398.0,-15813932136.0,-33278628535.0
20210622,76439078343.0,109717706878.0,17305.49,17305.49,17023.31,17062.98,-13.05,10663066297.0,14285546665.0,-18181796580.0,-6714953398.0,-15813932136.0,-33278628535.0,-10788215856.0
20210623,95305407873.0,106093623729.0,17162.71,17270.47,17075.55,17075.55,99.73,14285546665.0,-18181796580.0,-6714953398.0,-15813932136.0,-33278628535.0,-10788215856.0,10955989945.0
20210624,105598094899.0,94642104954.0,17127.59,17375.79,17127.59,17336.71,52.04,-18181796580.0,-6714953398.0,-15813932136.0,-33278628535.0,-10788215856.0,10955989945.0,4000769429.0
20210625,85024231446.0,81023462017.0,17358.57,17439.63,17319.89,17407.96,21.86,-6714953398.0,-15813932136.0,-33278628535.0,-10788215856.0,10955989945.0,4000769429.0,8796583711.0
20210628,90400179240.0,81603595529.0,17471.07,17597.33,17471.07,17502.99,63.11,-15813932136.0,-33278628535.0,-10788215856.0,10955989945.0,4000769429.0,8796583711.0,5375005044.0
20210629,83348549284.0,77973544240.0,17531.82,17595.51,17481.23,17590.97,28.83,-33278628535.0,-10788215856.0,10955989945.0,4000769429.0,8796583711.0,5375005044.0,-14334288786.0
20210630,96433443846.0,110767732632.0,17621.15,17713.24,17541.14,17598.19,30.18,-10788215856.0,10955989945.0,4000769429.0,8796583711.0,5375005044.0,-14334288786.0,20437547423.0

